{"cameraMode":{"drawMode":0,"name":"Shaded","section":"Shading Mode"},"sceneLighting":true,"audioPlay":false,"sceneViewState":{"m_AlwaysRefresh":false,"showFog":true,"showSkybox":true,"showFlares":true,"showImageEffects":true,"showParticleSystems":true,"showVisualEffectGraphs":true,"m_FxEnabled":true},"in2DMode":false,"pivot":{"x":-0.3437543213367462,"y":0.9726076722145081,"z":0.7306287288665772},"rotation":{"x":0.13564401865005494,"y":0.611995279788971,"z":-0.10757505893707276,"w":0.7716802954673767},"size":7.739959239959717,"orthographic":true}